1,TAGTTGTCTGGGCACGAAGC
2,GCAGGCTAAAATTCGTGGCT
3,GATAAGCGCAGTCGGTCACA
4,GGGATTCTCCTCAACGTCTCC
5,CATTGACAAGCACGCCTCAC
6,TTGAGCTCCAATACCTGCAA
7,AAATGCACAGCGACGGATTC
8,TTTTGAGCTCCAATACCTGCAA
9,GGGGTCAGGTGCACTTTTT
10,TCGATGACTTTGATCCTCATGG
11,CACTGCATTCTAGTTGTGGTTTGTCCA
12,AAAGGTGCAGATTGGTTTGG
13,AACCTCCCCTTCTACGAGCG
14,TGGGTGGAGCTCTCAGGAAA
15,AGCGGCGACTGAGATGTCC
16,AGCTCTCAGGAAAGGTGCAGAT
17,AGCATCTGCTCCCTCTACCA
18,CATACTGGACCCTGAGCCAC
19,ACCAGCATCTGCTCCCTCTA
20,AAGGTCTCTGGGGACTCCAA
21,GTACCAGCATCTGCTCCCTC
22,TAGAACCTGGGAGGGCTAGG
23,TAGTCTCGTGCAGATGGACA
24,ATAAGCTGTGGCTGCAGACG
25,CCTTGTTCAGGAAAGGGAAT
26,GGAACGAGGCTTCTTCTACAC
27,TTAGACACCATGCGGCTACC
28,GCTGTTCTCCTCTTCCTCAT
29,CATTCGCGGTTACTTAGTCG
30,TGACACTTACCGCATTGACA
31,AGGAAAGGTGCAGATTGGTT
32,TTGCGCAGTCTCTTTGTGGA
33,ACTCCACACTGAACAAACCA
34,CGGAGTTGACCACGTGAAAC
35,TTCGAGGTGAAGAAGGAGCC
36,AAACTTTCAACGAGTCGGCG
37,CAACCAAGACCATCAATTAC
38,GTGGCTACCAGTTCTTCTAT
39,AACGCAACTATTCTCCGGG
40,TGTTTGTCCTCTCACCCAGC
41,GCGCTGATTGTGTGTCACAG
42,CCCAAAGCCCGTTCCTAGAG
43,AGAGTAGTGAGAACTGGACACC
44,GCAAACTCAAATGCCTGCAG
45,CGAGGTGAAGAAGGAGCCTC
46,CTGGTGTCCACGTCCTGTAC
47,AGAAGTGCCAACTCCAGAGC
48,TCCAAAGAGCGACGAAGCAT
49,GGGGTGATGTGAAGGGTTGC
50,CCGTCCTGTCCGACCTTCGA
51,CTTAGGCGGCCGC-AGGTGCTGAAACGCAGAC
52,CTAAGGCTAGC-ACAGGATGTGAAAGTCTTC
53,CTTAGCTTAAGCTT-TCTTAACTAGTATTGTC
54,CTAAGCCATGG-AGATAGCACTCAGTGAGGT
55,CACCGACCGCCACTAGTTACCG
56,AAACCGGTAACTAGTGGCGGTC
57,CACCGACCGCCACTAGTTACCGCG
58,AAACCGCGGTAACTAGTGGCGGTC
59,CACCGACCGCCACTAGTTACCGC
60,AAACGCGGTAACTAGTGGCGGTC
61,CACCGTCCCCGCGGTAACTAGTGG
62,AAACCCACTAGTTACCGCGGGGAC
63,CTTGCCGTCTTTCTTCTGCG
64,CAGAGGGAGGGAGGTAGCTT
65,CAAGCTGACCCTGAAGCTGA
66,GCCCCTTGAGCATCTGACTT
67,GAGGCCTTCCATCTGTTGCT
68,AATTTCTTGGGTAGTTTGCAGTT
69,CACCTGTCGGCCTGAAGCTTGATG
70,AAACCATCAAGCTTCAGGCCGACA
71,CACCGATGTGGAGGCCGAAGCTGT
72,AAACACAGCTTCGGCCTCCACATC
73,CGAAGGCTAGCTACCAGCATCACCTCAACC
74,CCTTGGCTAGCCAGGAAGAAGTCGGCCGTGCC
75,CTTAGCTTAAGCGCCGGACCCCGAG
76,CTATGCTTAAGTTTTCTTTTCTAATCACCAAG
77,GTGTTCATTGCTTATTTTTCCTCTG
78,TATTACCCGATGGGCCTGAC
79,GCCTTAGTCACCGCCTTCTT
80,AAGGGGGAGGATTGGGAAGA
81,CGGTGGGCTCTATGGGGAAC
82,TATGGAAACTGGTCCTGCGG
83,GGGGGCATCAAGTAACTGCT
84,AAGAAAAGTAGATCCTAAGAA
85,ACATATGGGAGGGCAAATCAT
86,AGAAACTCCCAGCAGTGAGC
87,GGGTAAAGGGATTCCTGCCC
88,GATGCGGTGGGCTCTATGG
89,CAGCAAGGGGGAGGATTGG
90,TAGCAGGGGAGGTGGAGCTA
91,TAGCAGAGGGGGTGGAGCTA
92,TAGCAGAGGGGGTGGAGCTG
93,GCGAAGGACTGGCAGGAGG
94,AGGATGCAGGGCGTCAAGG
95,GAGAGGAAGGCGAGCCATGA
96,CAGCGAGCGAGAGCTAGAGAG
97,TGAGGTGCGCAGGACTCTAAA
98,GACGCGTGTGGCATCTGAAG
99,AGATCTGCGCTCCTACCTACA
100,AGCCACAGAGATGCAAAGTT
101,GGTAGTTGTCTGGGCACGAA
102,CGTCTATCCCTGGTGCTGAC
103,CTGACCCTGGGAAGCGCTGA
104,GCTAAAATTCGTGGCTCCGC
105,CCGGGATTCTCCTCAACGTC
106,TCGTGGCTCCGCTTCCGCTA
107,AAATGCACAGCGACGGATTC
108,CGGCGACTGAGATGTCCTAA
109,CAGACTATCTTTCTAGGGTT
110,AACACACATCCCCCAAAGGA
111,TGCAGAAATGCAGTTGATAGCT
112,TGAGCTCCAATACCTGCAAT
113,CCGATTCGCAGCGCATCGCC
114,CCTGTACGGCATGGACGAG
115,TTCAGGTGTCGTGAGGGAATTCATGGTGAGCAAGGGCGAG
116,CCCTAGATGCATGCCGGGATCCTCACTTGTACAGCTCGTCC
117,CACTTGTGCATGTTACCAGTGG
118,CACATGCGTCAATTTTACGCATG
119,AAACCCACGAGTTTTAGAGCTAGAAATAG
120,GTGGTTGCCCCGGTGTTTCGTCCTTTC
121,ATGACTAGGGGTTTTAGAGCTAGAAATAG
122,TGGAGGTGACCGGTGTTTCGTCCTTTC
123,CTGCCCTCGTGTTTTAGAGCTAGAAATAG
124,AGTGCTGCTTCGGTGTTTCGTCCTTTC
125,TAGTCATTGGGTTTTAGAGCTAGAAATAG
126,GGGTGGGCAACGGTGTTTCGTCCTTTC
127,CCAATGACTAGTTTTAGAGCTAGAAATAG
128,AGGTGACATCCGGTGTTTCGTCCTTTC
129,TCCAATGACTGTTTTAGAGCTAGAAATAG
130,GGTGACATCGCGGTGTTTCGTCCTTTC
131,CCTAGTCATGTTTTAGAGCTAGAAATAG
132,GTGGGCAACCACGGTGTTTCGTCCTTTC
133,GGGCCCACGCGTTTTAGAGCTAGAAATAG
134,AAGCTGGACTCGGTGTTTCGTCCTTTC
135,GACTAGGGTGTTTTAGAGCTAGAAATAG
136,ATTGGAGGTGACGGTGTTTCGTCCTTTC
137,GAGTTCATGCGCTTCAAGGTG
138,GTAGTGTGTGCCCGTCTGTT
139,GGATGTCGGCAGGGTGTTTA
140,GGCAGCTCCGGCACCGCCTC
141,GAGTAGAAGGTGGCGCGAAG
142,CAGAAGTGGAGCTGGAACGG
143,TCTCCCTGACTGTGTCCTCC
144,ATACTGGACCCTGAGCCACA
145,CTGTTCCGGAACCTGCTCTG
146,GATCTGTCCCAGGCTGCTG
147,CTATTGACGTCAATGGGCGGG
148,TTACGGTAAATGGCCCGCCT
149,TGGAGGATCTGTACTGGATG
150,CTCGGGGAAGCCGGCGCTGG
151,TGGGGAAAGAAGGGGCTTCCT
152,CTGAGGGCGGACCCCGGCTGG
153,CGGTAACTAGGTTTTAGAGCTAGAAATAG
154,CGGGGACCACGGTGTTTCGTCCTTTCC
155,TGGCGGTCATGTTTTAGAGCTAGAAATAG
156,CTAGTTACCGCGGTGTTTCGTCCTTTCC
157,CCACCCCGGAGTTTTAGAGCTAGAAATAG
158,GGTCAGACGGCGGTGTTTCGTCCTTTCC
159,CCGGGATTCTCTTCGACATC
160,AGGGGGTCAGGTGCACTTTT
161,GAGGCTGCCACCCAGCAGG
162,GGTGAGCCAACTGCCCATTG
163,TAGTCATTGGGTTTTAGAGCTAGAAATAG
164,GGGTGGGCAACGGTGTTTCGTCCTTTC
165,CACCGTGGTTGCCCACCCTAGTCAT
166,AAACATGACTAGGGTGGGCAACCA
167,CACTTGTGCATGTTACCAGTGG
168,CAGGCTAAAATTCGTGGCTCCG
169,GCTAAAATTCGTGGCTCCGCTT
170,TTTTGACTCACGCGGTCGTT
171,CCTAAATGCACAGCGACGGA
172,ATGTAGGTGGGGTGTGTGAG
173,CAAGGCATGATGGGCAAACT
174,GTACTTATGAGAATTTGATG
175,TGAAGTTCGAGGTGAAGAAGGAG
176,ATCACCGTTCTCCGCTCAA
177,AGCGAGAAGTGCCAACTCCA
178,GCGCTGGAGGATCTGTACTGGA
179,GGAGGATCTGTACTGGATGA
180,CGAGCGACTCATGCTGTGAC
181,CTGGCTTCGACCTCCAAGGAAC
182,ATCTGCCGGTGGTAAGAACC
183,TCAGACGCCAGCTCAGAAC
184,CACCGGTCACCTCCAATGACTAGGG
185,CACCGTTGCCCACCCTAGTCATTGG
186,CACCGTCACCTCCAATGACTAGGGT
187,AAACCCCTAGTCATTGGAGGTGACC
188,AAACCCAATGACTAGGGTGGGCAAC
189,AAACATGACTAGGGTGGGCAACCAC
190,AAACACCCTAGTCATTGGAGGTGAC
191,CACCGTACTCCATTGGGCTCGATAT
192,AAACATATCGAGCCCAATGGAGTAC
193,CACCGTGTGCCGATATCGAGCCCAA
194,AAACTTGGGCTCGATATCGGCACAC
195,CACCGTCGGCTCTCCGACTACGACG
196,AAACCGTCGTAGTCGGAGAGCCGAC
197,CACCGATATGATCCACGTCGTAGT
198,AAACACTACGACGTGGATCATATC
199,GAAGCTATCTGGTCTCCCTT
200,TTTGATGACCTCCTCGCCCT
201,CGGTGCTGCCGGTGCCATG
202,TAACATTTTGAACCAACAATG
203,GAGCAGCAGGTCTGTAGCAA
204,GAGCCACAACGACCTTGTCA
205,CTTCTCTCTGGCCCACTGTG
206,GAGGAGAAGGCCAAGTGGTC
207,TCCCATCACATCAACCGGTG
208,GCCCATTGCTTGTCCCTCTG
209,GTTGAAGAACTTGGCCGCAG
210,TCAGGTATTTCACAGTACACCCT
211,AGCTCTCAGGAAAGGTGCAGAT
212,TAGTTGTCTGGGCACGAAGC
213,CATTGACAAGCACGCCTCAC
214,CTTGTGGCCGTTTACGTCG
215,AGTACGTCAACGACTTCGACC
216,TTCGCTCCCGGTCCCCGTT
217,CCGGTGTTCTTCAGGATCTGC
218,ATTGGCCCGGGATTCTCTTC
219,TTGAGCATAGTAGGACAGCAGG
220,GAAGAACGAGATCAGCCTC
221,GTCGAGATCCGGAACCCTTA
222,TGGGCAGATGTCATCACCAC
223,ATCCAGGACACCAGCACGCA
224,CTACACTGCCCGGGACAAAT
225,AAACGACGGCCAGTGAATTCAGCCACACAGTGTGTGAGGTTGGA
226,TGAAGTTAGTAGCTCCGCTTCCGTCATTGGAGGTGACATCGATG
227,AGAACATGAAATAACCTAGATCGTAGGGTGGGCAACCACAAACCC
228,CAAGCTTGCATGCAGTCGACGGGGATCTGGAGAAGCCACCAGAGTCTC
229,TGATGAGGGGTGGGAGAGAG
230,TGGAGAAGCCACCAGAGTCT
231,TACGAAGTTATATTCAAAAATCTAGACAGC
232,GATAAGATGCCATGGTGGCGATATCGTAGGC
233,CGATATCGCCACCATGGCATCTTATCCAGGAC
234,CTGCCCTCTCCAGCGCCGTTCGCCTCACCCATCTCG
235,TGAGGCGAACGGCGCTGGAGAGGGCAGAG
236,TGACCATGATTACGCCAAGC
237,CACCGATTAGGCATGTTGGAGACTT
238,AAACAAGTCTCCAACATGCCTAATC
239,CACCGTATTAGGCATGTTGGAGACT
240,AAACAGTCTCCAACATGCCTAATAC
241,CACCGTTTTTCATTATTAGGCATGT
242,AAACACATGCCTAATAATGAAAAAC
243,CAGAGGCCTTGGGACATAGC
244,GGGACAACAGCTTCCCACAA